{
  "access_token": "test_token_123",
  "expires_at": 1753990484.440522,
  "cached_at": 1753986884.440522
}